<?xml version="1.0" ?>
<nlog autoreload="true" xmlns="http://www.nlog-project.org/schemas/NLog.xsd" xmlns:xsi="http://www.w3.org/2001/XMLSchema-instance">
	<include file="${basedir}/generic_nlog.nlog"/>
	<variable name="subsystemname" value="RU_BILLING" /> 
	<variable name="market" value="RUS" /> 
	<variable name="filename" value="log_${subsystemname}" />
	<extensions>
		<add assembly="Avon.Gelf.NLog"/>
		<add assembly="Avon.Gelf.NLog.DLM"/>
	</extensions>
    <targets >
		<default-wrapper xsi:type="AsyncWrapper" queueLimit="20000" timeToSleepBetweenBatches="50" batchSize="300" overflowAction="Discard" /> 
	    <target name="file_trace" xsi:type="File"
           layout="${generic_layout}" 
            fileName="${LogDir}/${market}/${filename_with_date}_trc.txt" 
            archiveFileName="${LogDir}/${market}/${filename_with_date}_trc.{#####}.txt"
            archiveAboveSize="${generic_filelen}"
			maxArchiveFiles="20"
            archiveNumbering="Rolling"
            concurrentWrites="false"
            keepFileOpen="false"
            encoding="utf-8" />	
        <target name="file" xsi:type="File"
           layout="${generic_layout}" 
            fileName="${LogDir}/${market}/${filename_with_date}.txt" 
            archiveFileName="${LogDir}/${market}/${filename_with_date}.{#####}.txt"
            archiveAboveSize="${generic_filelen}"
			maxArchiveFiles="20"
            archiveNumbering="Rolling"
            concurrentWrites="false"
            keepFileOpen="false"
            encoding="utf-8" />
        <target name="file_MQ" xsi:type="File"
           layout="${generic_layout}" 
            fileName="${LogDir}/RUS/${filename_with_date}_MQ.txt" 
            archiveFileName="${LogDir}/RUS/${filename_with_date}_MQ.{#####}.txt"
            archiveAboveSize="${generic_filelen}"
            maxArchiveFiles="20"
            archiveNumbering="Rolling"
            concurrentWrites="false"
            keepFileOpen="false"
            encoding="utf-8" />

<!--
		<target name="GelfUdp" xsi:type="GelfUdpDLM" subSystemName="${subsystemname}" remoteAddress="${graylog_server}" remotePort="${graylog_port}" layout="${message}"/>	
-->
	
    <target name="Null" type="Null" layout="${message}"/>	
    </targets>
    <rules>
	<logger name="MQ" minlevel="Debug" writeTo="file_MQ" final="true" >
        <filters>
          <when condition="containspassword('${message}','${passwords}')" action="IgnoreFinal"/>
        </filters>
	</logger>
	<logger name="*" minlevel="Debug" writeTo="file" >
        <filters>
          <when condition="containspassword('${message}','${passwords}')" action="IgnoreFinal"/>
        </filters>
	</logger>
<!--        
	<logger name="*" minlevel="Error" writeTo="GelfUdp" />
	<logger name="AvDriver" minlevel="Debug" writeTo="GelfUdp" />
-->	
	<logger name="AvDriver" minlevel="Debug" writeTo="file" >
        <filters>
          <when condition="containspassword('${message}','${passwords}')" action="IgnoreFinal"/>
        </filters>
	</logger>
     </rules>
</nlog>
